fecha,valor,indice
1943-03-31,1.6,101.6
1943-04-30,0.7,102.3112
1943-05-31,-0.9,101.3904
1943-06-30,0.1,101.4918
1943-07-31,-5.6,95.8082
1943-08-31,1.0,96.7663
1943-09-30,-0.9,95.8954
1943-10-31,1.0,96.8544
1943-11-30,0.0,96.8544
1943-12-31,-0.3,96.5638
1944-01-31,0.7,97.2398
1944-02-29,0.2,97.4343
1944-03-31,0.6,98.0189
1944-04-30,-1.1,96.9407
1944-05-31,-0.4,96.5529
1944-06-30,1.8,98.2908
1944-07-31,-0.1,98.1925
1944-08-31,1.4,99.5672
1944-09-30,-0.2,99.3681
1944-10-31,0.7,100.0637
1944-11-30,0.0,100.0637
1944-12-31,0.2,100.2638
1945-01-31,7.8,108.0844
1945-02-28,1.9,110.138
1945-03-31,7.5,118.3983
1945-04-30,0.1,118.5167
1945-05-31,0.3,118.8723
1945-06-30,0.1,118.9912
1945-07-31,1.2,120.4191
1945-08-31,-0.9,119.3353
1945-09-30,0.6,120.0513
1945-10-31,0.1,120.1714
1945-11-30,0.2,120.4117
1945-12-31,2.2,123.0608
1946-01-31,7.0,131.675
1946-02-28,0.2,131.9384
1946-03-31,2.9,135.7646
1946-04-30,1.7,138.0726
1946-05-31,-0.3,137.6583
1946-06-30,1.7,139.9985
1946-07-31,0.2,140.2785
1946-08-31,-0.7,139.2966
1946-09-30,0.1,139.4359
1946-10-31,2.5,142.9218
1946-11-30,0.4,143.4935
1946-12-31,1.7,145.9329
1947-01-31,-0.9,144.6195
1947-02-28,0.7,145.6318
1947-03-31,6.1,154.5153
1947-04-30,0.1,154.6699
1947-05-31,0.1,154.8245
1947-06-30,4.7,162.1013
1947-07-31,-1.1,160.3182
1947-08-31,0.9,161.761
1947-09-30,0.1,161.9228
1947-10-31,-0.5,161.1132
1947-11-30,0.9,162.5632
1947-12-31,3.2,167.7652
1948-01-31,-1.6,165.081
1948-02-29,-0.3,164.5857
1948-03-31,1.8,167.5483
1948-04-30,0.6,168.5536
1948-05-31,2.5,172.7674
1948-06-30,2.9,177.7776
1948-07-31,-0.2,177.4221
1948-08-31,2.1,181.148
1948-09-30,4.1,188.575
1948-10-31,0.3,189.1407
1948-11-30,0.2,189.519
1948-12-31,5.3,199.5635
1949-01-31,0.5,200.5614
1949-02-28,-0.3,199.9597
1949-03-31,6.8,213.5569
1949-04-30,4.9,224.0212
1949-05-31,2.9,230.5178
1949-06-30,1.2,233.2841
1949-07-31,1.9,237.7164
1949-08-31,1.7,241.7576
1949-09-30,1.6,245.6257
1949-10-31,2.7,252.2576
1949-11-30,3.2,260.3299
1949-12-31,2.4,266.5778
1950-01-31,-1.8,261.7794
1950-02-28,2.6,268.5857
1950-03-31,0.0,268.5857
1950-04-30,2.2,274.4946
1950-05-31,4.8,287.6703
1950-06-30,2.9,296.0127
1950-07-31,0.0,296.0127
1950-08-31,0.2,296.6048
1950-09-30,4.0,308.4689
1950-10-31,3.8,320.1908
1950-11-30,-0.2,319.5504
1950-12-31,2.0,325.9414
1951-01-31,-1.0,322.682
1951-02-28,2.9,332.0398
1951-03-31,0.3,333.0359
1951-04-30,9.0,363.0091
1951-05-31,7.5,390.2348
1951-06-30,3.3,403.1125
1951-07-31,0.8,406.3374
1951-08-31,9.3,444.1268
1951-09-30,-1.9,435.6884
1951-10-31,3.0,448.7591
1951-11-30,0.3,450.1053
1951-12-31,8.7,489.2645
1952-01-31,3.9,508.3458
1952-02-29,0.7,511.9042
1952-03-31,2.9,526.7495
1952-04-30,6.2,559.4079
1952-05-31,1.6,568.3585
1952-06-30,2.1,580.294
1952-07-31,-4.1,556.5019
1952-08-31,-0.4,554.2759
1952-09-30,3.4,573.1213
1952-10-31,1.0,578.8525
1952-11-30,0.3,580.5891
1952-12-31,0.4,582.9114
1953-01-31,-1.3,575.3336
1953-02-28,5.8,608.7029
1953-03-31,-0.5,605.6594
1953-04-30,-4.2,580.2217
1953-05-31,-1.6,570.9382
1953-06-30,-0.2,569.7963
1953-07-31,0.8,574.3547
1953-08-31,0.1,574.929
1953-09-30,-0.7,570.9045
1953-10-31,-0.4,568.6209
1953-11-30,0.7,572.6012
1953-12-31,1.1,578.8999
1954-01-31,-2.0,567.3219
1954-02-28,-0.2,566.1872
1954-03-31,0.2,567.3196
1954-04-30,2.1,579.2333
1954-05-31,-0.2,578.0748
1954-06-30,1.6,587.324
1954-07-31,2.2,600.2452
1954-08-31,0.7,604.4469
1954-09-30,2.4,618.9536
1954-10-31,2.9,636.9033
1954-11-30,1.0,643.2723
1954-12-31,4.4,671.5763
1955-01-31,-2.2,656.8016
1955-02-28,0.1,657.4584
1955-03-31,0.1,658.1159
1955-04-30,1.4,667.3295
1955-05-31,0.1,667.9968
1955-06-30,0.6,672.0048
1955-07-31,0.4,674.6928
1955-08-31,0.3,676.7169
1955-09-30,0.7,681.4539
1955-10-31,-0.1,680.7724
1955-11-30,0.0,680.7724
1955-12-31,5.7,719.5765
1956-01-31,-1.3,710.222
1956-02-29,-0.8,704.5402
1956-03-31,-0.2,703.1311
1956-04-30,3.5,727.7407
1956-05-31,3.8,755.3949
1956-06-30,3.9,784.8553
1956-07-31,-0.5,780.931
1956-08-31,-0.5,777.0263
1956-09-30,0.6,781.6885
1956-10-31,1.3,791.8504
1956-11-30,1.5,803.7282
1956-12-31,4.4,839.0922
1957-01-31,-1.1,829.8622
1957-02-28,0.8,836.5011
1957-03-31,3.6,866.6152
1957-04-30,2.7,890.0138
1957-05-31,2.8,914.9342
1957-06-30,3.8,949.7017
1957-07-31,1.8,966.7963
1957-08-31,5.4,1019.0033
1957-09-30,-0.2,1016.9653
1957-10-31,1.1,1028.1519
1957-11-30,2.5,1053.8557
1957-12-31,0.0,1053.8557
1958-01-31,-2.6,1026.4554
1958-02-28,1.4,1040.8258
1958-03-31,1.7,1058.5199
1958-04-30,4.3,1104.0362
1958-05-31,6.5,1175.7986
1958-06-30,4.4,1227.5337
1958-07-31,3.6,1271.7249
1958-08-31,4.6,1330.2243
1958-09-30,1.9,1355.4985
1958-10-31,3.0,1396.1635
1958-11-30,5.1,1467.3678
1958-12-31,8.4,1590.6267
1959-01-31,17.8,1873.7583
1959-02-28,9.1,2044.2703
1959-03-31,7.3,2193.502
1959-04-30,8.3,2375.5627
1959-05-31,10.4,2622.6212
1959-06-30,6.3,2787.8463
1959-07-31,3.1,2874.2696
1959-08-31,3.8,2983.4918
1959-09-30,1.8,3037.1947
1959-10-31,0.6,3055.4178
1959-11-30,2.1,3119.5816
1959-12-31,2.9,3210.0495
1960-01-31,2.7,3296.7208
1960-02-29,0.8,3323.0946
1960-03-31,0.7,3346.3562
1960-04-30,-0.1,3343.0099
1960-05-31,-0.2,3336.3239
1960-06-30,-0.5,3319.6422
1960-07-31,0.9,3349.519
1960-08-31,0.5,3366.2666
1960-09-30,0.1,3369.6329
1960-10-31,0.8,3396.5899
1960-11-30,2.5,3481.5047
1960-12-31,9.2,3801.8031
1961-01-31,-6.1,3569.8931
1961-02-28,1.2,3612.7318
1961-03-31,1.1,3652.4719
1961-04-30,2.2,3732.8263
1961-05-31,0.7,3758.9561
1961-06-30,1.4,3811.5814
1961-07-31,1.5,3868.7552
1961-08-31,0.8,3899.7052
1961-09-30,1.0,3938.7023
1961-10-31,0.1,3942.641
1961-11-30,3.2,4068.8055
1961-12-31,8.7,4422.7915
1962-01-31,-4.0,4245.8799
1962-02-28,1.4,4305.3222
1962-03-31,1.6,4374.2074
1962-04-30,3.3,4518.5562
1962-05-31,3.5,4676.7057
1962-06-30,1.5,4746.8563
1962-07-31,4.5,4960.4648
1962-08-31,1.3,5024.9508
1962-09-30,3.7,5210.874
1962-10-31,1.7,5299.4589
1962-11-30,-0.5,5272.9616
1962-12-31,9.7,5784.4388
1963-01-31,-4.1,5547.2769
1963-02-28,0.9,5597.2023
1963-03-31,4.7,5860.2709
1963-04-30,1.6,5954.0352
1963-05-31,0.0,5954.0352
1963-06-30,1.1,6019.5296
1963-07-31,1.5,6109.8225
1963-08-31,0.4,6134.2618
1963-09-30,1.5,6226.2757
1963-10-31,3.1,6419.2903
1963-11-30,2.5,6579.7725
1963-12-31,8.7,7152.2128
1964-01-31,-0.5,7116.4517
1964-02-29,-0.8,7059.5201
1964-03-31,-0.3,7038.3415
1964-04-30,3.8,7305.7985
1964-05-31,0.1,7313.1043
1964-06-30,1.4,7415.4878
1964-07-31,0.4,7445.1497
1964-08-31,-0.5,7407.924
1964-09-30,1.1,7489.4111
1964-10-31,3.9,7781.4982
1964-11-30,1.1,7867.0946
1964-12-31,7.2,8433.5254
1965-01-31,-3.7,8121.485
1965-02-28,4.8,8511.3163
1965-03-31,2.4,8715.5879
1965-04-30,1.0,8802.7438
1965-05-31,2.2,8996.4041
1965-06-30,4.0,9356.2603
1965-07-31,4.4,9767.9357
1965-08-31,2.2,9982.8303
1965-09-30,1.5,10132.5728
1965-10-31,2.6,10396.0197
1965-11-30,3.6,10770.2764
1965-12-31,8.2,11653.439
1966-01-31,-2.3,11385.4099
1966-02-28,2.2,11635.889
1966-03-31,2.2,11891.8785
1966-04-30,2.1,12141.608
1966-05-31,1.0,12263.024
1966-06-30,0.9,12373.3913
1966-07-31,1.6,12571.3655
1966-08-31,1.2,12722.2219
1966-09-30,1.5,12913.0552
1966-10-31,3.2,13326.273
1966-11-30,2.3,13632.7773
1966-12-31,11.1,15146.0156
1967-01-31,-4.7,14434.1528
1967-02-28,2.1,14737.27
1967-03-31,2.2,15061.49
1967-04-30,1.2,15242.2279
1967-05-31,1.0,15394.6501
1967-06-30,4.4,16072.0147
1967-07-31,5.0,16875.6155
1967-08-31,0.3,16926.2423
1967-09-30,0.5,17010.8735
1967-10-31,2.9,17504.1889
1967-11-30,2.3,17906.7852
1967-12-31,7.8,19303.5145
1968-01-31,-3.4,18647.195
1968-02-29,1.0,18833.6669
1968-03-31,-0.6,18720.6649
1968-04-30,-0.4,18645.7823
1968-05-31,0.1,18664.428
1968-06-30,0.3,18720.4213
1968-07-31,-0.1,18701.7009
1968-08-31,0.2,18739.1043
1968-09-30,1.4,19001.4518
1968-10-31,2.0,19381.4808
1968-11-30,0.3,19439.6252
1968-12-31,8.9,21169.7519
1969-01-31,-4.6,20195.9433
1969-02-28,-1.3,19933.396
1969-03-31,1.1,20152.6634
1969-04-30,0.1,20172.8161
1969-05-31,-1.4,19890.3966
1969-06-30,1.0,20089.3006
1969-07-31,1.3,20350.4615
1969-08-31,-0.7,20208.0083
1969-09-30,1.9,20591.9604
1969-10-31,1.5,20900.8398
1969-11-30,0.7,21047.1457
1969-12-31,7.3,22583.5874
1970-01-31,-4.7,21522.1588
1970-02-28,1.4,21823.469
1970-03-31,1.3,22107.1741
1970-04-30,0.8,22284.0315
1970-05-31,0.7,22440.0197
1970-06-30,0.7,22597.0998
1970-07-31,1.2,22868.265
1970-08-31,1.1,23119.8159
1970-09-30,2.0,23582.2123
1970-10-31,4.0,24525.5007
1970-11-30,2.6,25163.1638
1970-12-31,9.2,27478.1748
1971-01-31,-0.3,27395.7403
1971-02-28,3.3,28299.7997
1971-03-31,1.1,28611.0975
1971-04-30,0.9,28868.5974
1971-05-31,2.4,29561.4437
1971-06-30,3.1,30477.8485
1971-07-31,4.3,31788.396
1971-08-31,2.6,32614.8943
1971-09-30,0.9,32908.4283
1971-10-31,1.0,33237.5126
1971-11-30,2.7,34134.9255
1971-12-31,11.9,38196.9816
1972-01-31,5.2,40183.2246
1972-02-29,3.6,41629.8207
1972-03-31,4.2,43378.2732
1972-04-30,4.9,45503.8086
1972-05-31,1.6,46231.8695
1972-06-30,5.5,48774.6223
1972-07-31,5.0,51213.3534
1972-08-31,-0.1,51162.1401
1972-09-30,2.4,52390.0315
1972-10-31,4.8,54904.753
1972-11-30,4.9,57595.0859
1972-12-31,8.8,62663.4534
1973-01-31,4.6,65545.9723
1973-02-28,7.6,70527.4662
1973-03-31,8.6,76592.8283
1973-04-30,4.5,80039.5055
1973-05-31,3.5,82840.8882
1973-06-30,-2.9,80438.5025
1973-07-31,0.0,80438.5025
1973-08-31,0.8,81082.0105
1973-09-30,0.5,81487.4205
1973-10-31,1.6,82791.2193
1973-11-30,0.8,83453.549
1973-12-31,8.1,90213.2865
1974-01-31,-5.7,85071.1292
1974-02-28,1.6,86432.2672
1974-03-31,1.2,87469.4544
1974-04-30,2.8,89918.5992
1974-05-31,3.3,92885.9129
1974-06-30,3.8,96415.5776
1974-07-31,2.3,98633.1359
1974-08-31,1.9,100507.1655
1974-09-30,3.3,103823.902
1974-10-31,3.8,107769.2102
1974-11-30,4.1,112187.7478
1974-12-31,12.7,126435.5918
1975-01-31,2.9,130102.224
1975-02-28,4.6,136086.9263
1975-03-31,8.1,147109.9673
1975-04-30,9.7,161379.6341
1975-05-31,3.9,167673.4399
1975-06-30,21.1,203052.5357
1975-07-31,34.7,273511.7656
1975-08-31,22.5,335051.9128
1975-09-30,10.8,371237.5194
1975-10-31,13.8,422468.2971
1975-11-30,9.0,460490.4438
1975-12-31,19.4,549825.59
1976-01-31,8.9,598760.0675
1976-02-29,19.0,712524.4803
1976-03-31,37.6,980433.6849
1976-04-30,33.9,1312800.704
1976-05-31,12.1,1471649.5892
1976-06-30,2.7,1511384.1281
1976-07-31,4.2,1574862.2615
1976-08-31,5.5,1661479.6859
1976-09-30,10.6,1837596.5326
1976-10-31,8.5,1993792.2379
1976-11-30,8.0,2153295.6169
1976-12-31,14.3,2461216.8901
1977-01-31,8.0,2658114.2413
1977-02-28,8.3,2878737.7233
1977-03-31,7.5,3094643.0526
1977-04-30,6.0,3280321.6357
1977-05-31,6.5,3493542.5421
1977-06-30,7.6,3759051.7753
1977-07-31,7.4,4037221.6066
1977-08-31,11.3,4493427.6482
1977-09-30,8.3,4866382.143
1977-10-31,12.5,5474679.9108
1977-11-30,9.0,5967401.1028
1977-12-31,7.3,6403021.3833
1978-01-31,13.4,7261026.2487
1978-02-28,6.2,7711209.8761
1978-03-31,9.5,8443774.8143
1978-04-30,11.1,9381033.8187
1978-05-31,8.7,10197183.761
1978-06-30,6.5,10860000.7054
1978-07-31,6.6,11576760.752
1978-08-31,7.8,12479748.0906
1978-09-30,6.4,13278451.9684
1978-10-31,9.8,14579740.2614
1978-11-30,8.8,15862757.4044
1978-12-31,9.1,17306268.3282
1979-01-31,12.8,19521470.6742
1979-02-28,7.4,20966059.504
1979-03-31,7.7,22580446.0859
1979-04-30,7.0,24161077.3119
1979-05-31,6.9,25828191.6464
1979-06-30,9.7,28333526.2361
1979-07-31,7.2,30373540.1251
1979-08-31,11.5,33866497.2395
1979-09-30,6.8,36169419.0517
1979-10-31,4.3,37724704.071
1979-11-30,5.1,39648663.9786
1979-12-31,4.5,41432853.8576
1980-01-31,7.2,44416019.3354
1980-02-29,5.3,46770068.3602
1980-03-31,5.8,49482732.325
1980-04-30,6.2,52550661.7292
1980-05-31,5.8,55598600.1095
1980-06-30,5.7,58767720.3157
1980-07-31,4.6,61471035.4503
1980-08-31,3.4,63561050.6556
1980-09-30,4.5,66421297.9351
1980-10-31,7.6,71469316.5781
1980-11-30,4.7,74828374.4573
1980-12-31,3.8,77671852.6867
1981-01-31,4.9,81477773.4683
1981-02-28,4.2,84899839.954
1981-03-31,6.0,89993830.3512
1981-04-30,7.9,97103342.949
1981-05-31,7.5,104386093.6702
1981-06-30,9.4,114198386.4752
1981-07-31,10.2,125846621.8956
1981-08-31,7.9,135788505.0254
1981-09-30,7.1,145429488.8822
1981-10-31,5.8,153864399.2373
1981-11-30,7.2,164942635.9824
1981-12-31,8.8,179457587.9489
1982-01-31,11.9,200813040.9148
1982-02-28,5.3,211456132.0833
1982-03-31,4.7,221394570.2912
1982-04-30,4.2,230693142.2434
1982-05-31,3.1,237844629.653
1982-06-30,7.9,256634355.3956
1982-07-31,16.3,298465755.325
1982-08-31,14.7,342340221.3578
1982-09-30,17.1,400880399.21
1982-10-31,12.7,451792209.9097
1982-11-30,11.3,502844729.6295
1982-12-31,10.6,556146270.9702
1983-01-31,16.0,645129674.3254
1983-02-28,13.0,728996531.9877
1983-03-31,11.3,811373140.1023
1983-04-30,10.3,894944573.5329
1983-05-31,9.1,976384529.7244
1983-06-30,15.8,1130653285.4208
1983-07-31,12.5,1271984946.0984
1983-08-31,17.2,1490766356.8274
1983-09-30,21.4,1809790357.1884
1983-10-31,17.0,2117454717.9104
1983-11-30,19.2,2524006023.7493
1983-12-31,17.7,2970755089.9529
1984-01-31,12.5,3342099476.197
1984-02-29,16.9,3906914287.6743
1984-03-31,20.3,4700017888.0721
1984-04-30,18.5,5569521197.3655
1984-05-31,17.1,6521909322.115
1984-06-30,17.9,7689331090.7736
1984-07-31,18.3,9096478680.3851
1984-08-31,22.8,11170475819.5129
1984-09-30,27.5,14242356669.879
1984-10-31,19.3,16991131507.1657
1984-11-30,15.0,19539801233.2405
1984-12-31,19.7,23389142076.1889
1985-01-31,25.1,29259816737.3123
1985-02-28,20.7,35316598801.9359
1985-03-31,26.5,44675497484.449
1985-04-30,29.5,57854769242.3614
1985-05-31,25.1,72376316322.1941
1985-06-30,30.5,94451092800.4633
1985-07-31,6.2,100307060554.0921
1985-08-31,3.1,103416579431.2689
1985-09-30,2.0,105484911019.8943
1985-10-31,1.9,107489124329.2723
1985-11-30,2.4,110068863313.1748
1985-12-31,3.2,113591066939.1964
1986-01-31,3.0,116998798947.3723
1986-02-28,1.7,118987778529.4776
1986-03-31,4.6,124461216341.8336
1986-04-30,4.7,130310893509.8997
1986-05-31,4.0,135523329250.2957
1986-06-30,4.5,141621879066.559
1986-07-31,6.8,151252166843.0851
1986-08-31,8.8,164562357525.2766
1986-09-30,7.2,176410847267.0965
1986-10-31,6.1,187171908950.3893
1986-11-30,5.3,197092020124.76
1986-12-31,4.7,206355345070.6237
1987-01-31,7.6,222038351295.9911
1987-02-28,6.5,236470844130.2305
1987-03-31,8.3,256097924193.0396
1987-04-30,3.3,264549155691.4099
1987-05-31,4.2,275660220230.4492
1987-06-30,8.0,297713037848.8851
1987-07-31,10.1,327782054671.6225
1987-08-31,13.7,372688196161.6348
1987-09-30,11.7,416292715112.546
1987-10-31,19.6,497886087274.605
1987-11-30,10.3,549168354263.8893
1987-12-31,3.4,567840078308.8616
1988-01-31,9.1,619513525434.968
1988-02-29,10.4,683942932080.2047
1988-03-31,14.8,785166486028.0751
1988-04-30,17.2,920215121624.9039
1988-05-31,15.7,1064688895720.0139
1988-06-30,18.0,1256332896949.6165
1988-07-31,25.6,1577954118568.7183
1988-08-31,27.6,2013469455293.6846
1988-09-30,11.7,2249045381563.0454
1988-10-31,9.0,2451459465903.7197
1988-11-30,5.7,2591192655460.2314
1988-12-31,6.8,2767393756031.5273
1989-01-31,8.9,3013691800318.333
1989-02-28,9.6,3303006213148.893
1989-03-31,17.0,3864517269384.2046
1989-04-30,33.4,5155266037358.529
1989-05-31,78.5,9202149876684.975
1989-06-30,114.5,19738611485489.27
1989-07-31,196.6,58544721665961.18
1989-08-31,37.9,80733171177360.47
1989-09-30,9.4,88322089268032.36
1989-10-31,5.6,93268126267042.17
1989-11-30,6.5,99330554474399.9
1989-12-31,40.1,139162106818634.27
1990-01-31,79.2,249378495418992.6
1990-02-28,61.6,402995648597092.06
1990-03-31,95.5,787856493007315.0
1990-04-30,11.4,877672133210149.0
1990-05-31,13.6,997035543326729.4
1990-06-30,13.9,1135623483849144.8
1990-07-31,10.8,1258270820104852.5
1990-08-31,15.3,1450786255580895.0
1990-09-30,15.7,1678559697707095.5
1990-10-31,7.7,1807808794430541.8
1990-11-30,6.2,1919892939685235.5
1990-12-31,4.7,2010127907850441.5
1991-01-31,7.7,2164907756754925.5
1991-02-28,27.0,2749432851078755.5
1991-03-31,11.0,3051870464697419.0
1991-04-30,5.5,3219723340255777.0
1991-05-31,2.8,3309875593782939.0
1991-06-30,3.1,3412481737190210.0
1991-07-31,2.6,3501206262357155.5
1991-08-31,1.3,3546721943767798.0
1991-09-30,1.8,3610562938755618.5
1991-10-31,1.4,3661110819898197.0
1991-11-30,0.4,3675755263177790.0
1991-12-31,0.6,3697809794756857.0
1992-01-31,3.0,3808744088599563.0
1992-02-29,2.2,3892536458548753.5
1992-03-31,2.1,3974279724178277.0
1992-04-30,1.3,4025945360592594.0
1992-05-31,0.7,4054126978116741.5
1992-06-30,0.8,4086559993941675.5
1992-07-31,1.7,4156031513838683.5
1992-08-31,1.5,4218371986546263.5
1992-09-30,1.0,4260555706411726.0
1992-10-31,1.3,4315942930595078.0
1992-11-30,0.5,4337522645248053.0
1992-12-31,0.3,4350535213183796.5
1993-01-31,0.8,4385339494889267.0
1993-02-28,0.7,4416036871353491.5
1993-03-31,0.8,4451365166324319.5
1993-04-30,1.0,4495878817987562.5
1993-05-31,1.3,4554325242621400.0
1993-06-30,0.7,4586205519319749.0
1993-07-31,0.3,4599964135877708.0
1993-08-31,0.0,4599964135877708.0
1993-09-30,0.8,4636763848964730.0
1993-10-31,0.6,4664584432058518.0
1993-11-30,0.1,4669249016490576.0
1993-12-31,0.0,4669249016490576.0
1994-01-31,0.1,4673918265507066.0
1994-02-28,0.0,4673918265507066.0
1994-03-31,0.1,4678592183772573.0
1994-04-30,0.2,4687949368140118.0
1994-05-31,0.3,4702013216244538.0
1994-06-30,0.4,4720821269109516.0
1994-07-31,0.9,4763308660531501.0
1994-08-31,0.2,4772835277852564.0
1994-09-30,0.7,4806245124797531.0
1994-10-31,0.3,4820663860171923.0
1994-11-30,0.2,4830305187892267.0
1994-12-31,0.2,4839965798268052.0
1995-01-31,1.2,4898045387847269.0
1995-02-28,0.0,4898045387847269.0
1995-03-31,-0.4,4878453206295880.0
1995-04-30,0.5,4902845472327359.0
1995-05-31,0.0,4902845472327359.0
1995-06-30,-0.2,4893039781382704.0
1995-07-31,0.4,4912611940508235.0
1995-08-31,-0.2,4902786716627219.0
1995-09-30,0.2,4912592290060473.0
1995-10-31,0.3,4927330066930654.0
1995-11-30,-0.2,4917475406796793.0
1995-12-31,0.1,4922392882203589.0
1996-01-31,0.3,4937160060850199.0
1996-02-29,-0.3,4922348580667648.0
1996-03-31,-0.5,4897736837764310.0
1996-04-30,0.0,4897736837764310.0
1996-05-31,-0.1,4892839100926546.0
1996-06-30,0.0,4892839100926546.0
1996-07-31,0.5,4917303296431178.0
1996-08-31,-0.1,4912385993134747.0
1996-09-30,0.2,4922210765121017.0
1996-10-31,0.5,4946821818946622.0
1996-11-30,-0.2,4936928175308729.0
1996-12-31,-0.3,4922117390782803.0
1997-01-31,0.5,4946727977736716.0
1997-02-28,0.4,4966514889647663.0
1997-03-31,-0.5,4941682315199425.0
1997-04-30,-0.3,4926857268253827.0
1997-05-31,-0.1,4921930410985573.0
1997-06-30,0.2,4931774271807544.0
1997-07-31,0.2,4941637820351159.0
1997-08-31,0.2,4951521095991861.0
1997-09-30,0.0,4951521095991861.0
1997-10-31,-0.2,4941618053799877.0
1997-11-30,-0.2,4931734817692277.0
1997-12-31,0.2,4941598287327662.0
1998-01-31,0.6,4971247877051628.0
1998-02-28,0.3,4986161620682782.0
1998-03-31,-0.1,4981175459062099.0
1998-04-30,0.0,4981175459062099.0
1998-05-31,-0.1,4976194283603037.0
1998-06-30,0.2,4986146672170243.0
1998-07-31,0.3,5001105112186753.0
1998-08-31,0.0,5001105112186753.0
1998-09-30,0.0,5001105112186753.0
1998-10-31,-0.4,4981100691738006.0
1998-11-30,-0.2,4971138490354530.0
1998-12-31,0.0,4971138490354530.0
1999-01-31,0.5,4995994182806302.0
1999-02-28,-0.2,4986002194440689.0
1999-03-31,-0.8,4946114176885163.0
1999-04-30,-0.1,4941168062708278.0
1999-05-31,-0.5,4916462222394737.0
1999-06-30,0.0,4916462222394737.0
1999-07-31,0.2,4926295146839526.0
1999-08-31,-0.4,4906589966252168.0
1999-09-30,-0.2,4896776786319664.0
1999-10-31,0.0,4896776786319664.0
1999-11-30,-0.3,4882086455960705.0
1999-12-31,-0.1,4877204369504744.0
2000-01-31,0.8,4916222004460782.0
2000-02-29,0.0,4916222004460782.0
2000-03-31,-0.5,4891640894438478.0
2000-04-30,-0.1,4886749253544040.0
2000-05-31,-0.4,4867202256529864.0
2000-06-30,-0.2,4857467852016804.0
2000-07-31,0.4,4876897723424871.0
2000-08-31,-0.2,4867143927978021.0
2000-09-30,-0.2,4857409640122065.0
2000-10-31,0.2,4867124459402309.0
2000-11-30,-0.5,4842788837105297.0
2000-12-31,-0.1,4837946048268192.0
2001-01-31,0.1,4842783994316460.0
2001-02-28,-0.2,4833098426327827.0
2001-03-31,0.2,4842764623180483.0
2001-04-30,0.7,4876663975542746.0
2001-05-31,0.1,4881540639518288.0
2001-06-30,-0.7,4847369855041660.0
2001-07-31,-0.3,4832827745476535.0
2001-08-31,-0.4,4813496434494629.0
2001-09-30,-0.1,4808682938060134.0
2001-10-31,-0.4,4789448206307893.0
2001-11-30,-0.3,4775079861688969.0
2001-12-31,-0.1,4770304781827280.0
2002-01-31,2.3,4880021791809307.0
2002-02-28,3.1,5031302467355395.0
2002-03-31,4.0,5232554566049611.0
2002-04-30,10.4,5776740240918771.0
2002-05-31,4.0,6007809850555522.0
2002-06-30,3.6,6224091005175521.0
2002-07-31,3.2,6423261917341138.0
2002-08-31,2.3,6570996941439984.0
2002-09-30,1.4,6662990898620144.0
2002-10-31,0.2,6676316880417384.0
2002-11-30,0.5,6709698464819470.0
2002-12-31,0.2,6723117861749109.0
2003-01-31,1.3,6810518393951847.0
2003-02-28,0.6,6851381504315558.0
2003-03-31,0.6,6892489793341451.0
2003-04-30,0.1,6899382283134792.0
2003-05-31,-0.4,6871784754002253.0
2003-06-30,-0.1,6864912969248251.0
2003-07-31,0.4,6892372621125244.0
2003-08-31,0.0,6892372621125244.0
2003-09-30,0.0,6892372621125244.0
2003-10-31,0.6,6933726856851996.0
2003-11-30,0.2,6947594310565700.0
2003-12-31,0.2,6961489499186831.0
2004-01-31,0.4,6989335457183578.0
2004-02-29,0.1,6996324792640761.0
2004-03-31,0.6,7038302741396606.0
2004-04-30,0.9,7101647466069175.0
2004-05-31,0.7,7151358998331658.0
2004-06-30,0.6,7194267152321648.0
2004-07-31,0.5,7230238488083255.0
2004-08-31,0.3,7251929203547504.0
2004-09-30,0.6,7295440778768789.0
2004-10-31,0.4,7324622541883864.0
2004-11-30,0.0,7324622541883864.0
2004-12-31,0.8,7383219522218935.0
2005-01-31,1.5,7493967815052218.0
2005-02-28,0.9,7561413525387687.0
2005-03-31,1.5,7674834728268502.0
2005-04-30,0.5,7713208901909844.0
2005-05-31,0.6,7759488155321303.0
2005-06-30,0.9,7829323548719194.0
2005-07-31,1.0,7907616784206386.0
2005-08-31,0.4,7939247251343212.0
2005-09-30,1.2,8034518218359331.0
2005-10-31,0.8,8098794364106206.0
2005-11-30,1.2,8195979896475481.0
2005-12-31,1.1,8286135675336710.0
2006-01-31,1.3,8393855439116086.0
2006-02-28,0.4,8427430860872550.0
2006-03-31,1.2,8528560031203021.0
2006-04-30,1.0,8613845631515051.0
2006-05-31,0.5,8656914859672625.0
2006-06-30,0.5,8700199433970987.0
2006-07-31,0.6,8752400630574813.0
2006-08-31,0.6,8804915034358262.0
2006-09-30,0.9,8884159269667485.0
2006-10-31,0.9,8964116703094491.0
2006-11-30,0.7,9026865520016152.0
2006-12-31,1.0,9117134175216314.0
2007-01-31,1.1,9217422651143692.0
2007-02-28,0.3,9245074919097122.0
2007-03-31,0.8,9319035518449900.0
2007-04-30,0.7,9384268767079048.0
2007-05-31,0.4,9421805842147364.0
2007-06-30,0.4,9459493065515954.0
2007-07-31,0.5,9506790530843532.0
2007-08-31,0.6,9563831274028594.0
2007-09-30,0.8,9640341924220822.0
2007-10-31,0.7,9707824317690366.0
2007-11-30,0.9,9795194736549578.0
2007-12-31,0.9,9883351489178524.0
2008-01-31,0.9,9972301652581130.0
2008-02-29,0.5,1.0022163160844034e+16
2008-03-31,1.1,1.0132406955613318e+16
2008-04-30,0.8,1.0213466211258224e+16
2008-05-31,0.6,1.0274747008525774e+16
2008-06-30,0.6,1.0336395490576928e+16
2008-07-31,0.4,1.0377741072539236e+16
2008-08-31,0.5,1.0429629777901932e+16
2008-09-30,0.5,1.048177792679144e+16
2008-10-31,0.4,1.0523705038498606e+16
2008-11-30,0.3,1.05552761536141e+16
2008-12-31,0.3,1.0586941982074942e+16
2009-01-31,0.5,1.0639876691985316e+16
2009-02-28,0.4,1.0682436198753258e+16
2009-03-31,0.6,1.0746530815945778e+16
2009-04-30,0.3,1.0778770408393614e+16
2009-05-31,0.3,1.0811106719618794e+16
2009-06-30,0.4,1.085435114649727e+16
2009-07-31,0.6,1.0919477253376254e+16
2009-08-31,0.8,1.1006833071403264e+16
2009-09-30,0.7,1.1083880902903086e+16
2009-10-31,0.8,1.117255195012631e+16
2009-11-30,0.8,1.126193236572732e+16
2009-12-31,0.9,1.1363289757018864e+16
2010-01-31,1.0,1.1476922654589052e+16
2010-02-28,1.2,1.161464572644412e+16
2010-03-31,1.1,1.1742406829435004e+16
2010-04-30,0.8,1.1836346084070484e+16
2010-05-31,0.7,1.1919200506658976e+16
2010-06-30,0.7,1.2002634910205588e+16
2010-07-31,0.8,1.2098655989487232e+16
2010-08-31,0.7,1.2183346581413642e+16
2010-09-30,0.7,1.2268630007483536e+16
2010-10-31,0.8,1.2366779047543404e+16
2010-11-30,0.7,1.2453346500876206e+16
2010-12-31,0.8,1.2552973272883216e+16
2011-01-31,0.7,1.2640844085793398e+16
2011-02-28,0.7,1.272932999439395e+16
2011-03-31,0.8,1.2831164634349102e+16
2011-04-30,0.8,1.2933813951423894e+16
2011-05-31,0.7,1.302435064908386e+16
2011-06-30,0.7,1.3115521103627446e+16
2011-07-31,0.8,1.3220445272456466e+16
2011-08-31,0.8,1.3326208834636118e+16
2011-09-30,0.8,1.3432818505313208e+16
2011-10-31,0.6,1.3513415416345088e+16
2011-11-30,0.6,1.3594495908843158e+16
2011-12-31,0.8,1.3703251876113904e+16
2012-01-31,0.9,1.3826581142998928e+16
2012-02-29,0.7,1.392336721099992e+16
2012-03-31,0.9,1.4048677515898918e+16
2012-04-30,0.8,1.416106693602611e+16
2012-05-31,0.8,1.4274355471514318e+16
2012-06-30,0.7,1.4374275959814916e+16
2012-07-31,0.8,1.4489270167493436e+16
2012-08-31,0.9,1.4619673599000876e+16
2012-09-30,0.9,1.4751250661391882e+16
2012-10-31,0.8,1.4869260666683018e+16
2012-11-30,0.9,1.5003084012683164e+16
2012-12-31,1.0,1.5153114852809996e+16
2013-01-31,1.1,1.5319799116190904e+16
2013-02-28,0.5,1.5396398111771856e+16
2013-03-31,0.7,1.5504172898554258e+16
2013-04-30,0.7,1.5612702108844136e+16
2013-05-31,0.7,1.5721991023606044e+16
2013-06-30,0.8,1.5847766951794892e+16
2013-07-31,0.9,1.5990396854361044e+16
2013-08-31,0.8,1.6118320029195932e+16
2013-09-30,0.8,1.62472665894295e+16
2013-10-31,0.9,1.6393491988734364e+16
2013-11-30,0.9,1.6541033416632972e+16
2013-12-31,1.4,1.6772607884465834e+16
2014-01-31,3.6,1.7376421768306604e+16
2014-02-28,3.4,1.796722010842903e+16
2014-03-31,2.6,1.8434367831248184e+16
2014-04-30,1.8,1.8766186452210652e+16
2014-05-31,1.4,1.90289130625416e+16
2014-06-30,1.3,1.927628893235464e+16
2014-07-31,1.4,1.9546156977407604e+16
2014-08-31,1.3,1.98002570181139e+16
2014-09-30,1.4,2.0077460616367496e+16
2014-10-31,1.2,2.0318390143763908e+16
2014-11-30,1.1,2.0541892435345308e+16
2014-12-31,1.0,2.074731135969876e+16
2015-01-31,1.1,2.0975531784655444e+16
2015-02-28,0.9,2.116431157071734e+16
2015-03-31,1.3,2.1439447621136664e+16
2015-04-30,1.1,2.1675281544969164e+16
2015-05-31,1.0,2.1892034360418856e+16
2015-06-30,1.0,2.2110954704023044e+16
2015-07-31,1.3,2.239839711517534e+16
2015-08-31,1.2,2.2667177880557444e+16
2015-09-30,1.2,2.2939184015124132e+16
2015-10-31,1.1,2.3191515039290496e+16
2015-11-30,2.0,2.3655345340076308e+16
2015-12-31,3.9,2.4577903808339284e+16
2016-01-31,4.1,2.558559786448119e+16
2016-02-29,2.7,2.627640900682218e+16
2016-03-31,3.0,2.706470127702685e+16
2016-04-30,3.4,2.798490112044576e+16
2016-05-31,4.2,2.9160266967504484e+16
2016-06-30,3.1,3.006423524349712e+16
2016-07-31,2.0,3.0665519948367064e+16
2016-08-31,0.2,3.07268509882638e+16
2016-09-30,1.1,3.10648463491347e+16
2016-10-31,2.4,3.1810402661513932e+16
2016-11-30,1.6,3.2319369104098156e+16
2016-12-31,1.2,3.2707201533347336e+16
2017-01-31,1.3,3.313239515328085e+16
2017-02-28,2.5,3.3960705032112868e+16
2017-03-31,2.4,3.4775761952883576e+16
2017-04-30,2.6,3.5679931763658548e+16
2017-05-31,1.3,3.6143770876586104e+16
2017-06-30,1.2,3.657749612710514e+16
2017-07-31,1.7,3.719931356126592e+16
2017-08-31,1.4,3.772010395112364e+16
2017-09-30,1.9,3.8436785926194984e+16
2017-10-31,1.5,3.90133377150879e+16
2017-11-30,1.4,3.955952444309914e+16
2017-12-31,3.1,4.078586970083521e+16
2018-01-31,1.8,4.152001535545024e+16
2018-02-28,2.4,4.251649572398105e+16
2018-03-31,2.3,4.349437512563261e+16
2018-04-30,2.7,4.466872325402469e+16
2018-05-31,2.1,4.56067664423592e+16
2018-06-30,3.7,4.729421680072649e+16
2018-07-31,3.1,4.876033752154901e+16
2018-08-31,3.9,5.0661990684889416e+16
2018-09-30,6.5,5.3955020079407224e+16
2018-10-31,5.4,5.686859116369522e+16
2018-11-30,3.2,5.8688386080933464e+16
2018-12-31,2.6,6.0214284119037736e+16
2019-01-31,2.9,6.196049835848982e+16
2019-02-28,3.8,6.431499729611244e+16
2019-03-31,4.7,6.733780216902972e+16
2019-04-30,3.4,6.962728744277674e+16
2019-05-31,3.1,7.178573335350281e+16
2019-06-30,2.7,7.372394815404738e+16
2019-07-31,2.2,7.534587501343642e+16
2019-08-31,4.0,7.835971001397387e+16
2019-09-30,5.9,8.298293290479832e+16
2019-10-31,3.3,8.572136969065666e+16
2019-11-30,4.3,8.940738858735488e+16
2019-12-31,3.7,9.2715461965087e+16
2020-01-31,2.3,9.4847917590284e+16
2020-02-29,2.0,9.674487594208968e+16
2020-03-31,3.3,9.993745684817862e+16
2020-04-30,1.5,1.014365187009013e+17
2020-05-31,1.5,1.029580664814148e+17
2020-06-30,2.2,1.0522314394400592e+17
2020-07-31,1.9,1.0722238367894202e+17
2020-08-31,2.7,1.1011738803827344e+17
2020-09-30,2.8,1.132006749033451e+17
2020-10-31,3.8,1.1750230054967222e+17
2020-11-30,3.2,1.2126237416726174e+17
2020-12-31,4.0,1.2611286913395222e+17
2021-01-31,4.0,1.3115738389931032e+17
2021-02-28,3.6,1.3587904971968549e+17
2021-03-31,4.8,1.424012441062304e+17
2021-04-30,4.1,1.4823969511458582e+17
2021-05-31,3.3,1.5313160505336714e+17
2021-06-30,3.2,1.5803181641507488e+17
2021-07-31,3.0,1.6277277090752714e+17
2021-08-31,2.5,1.668420901802153e+17
2021-09-30,3.5,1.726815633365228e+17
2021-10-31,3.5,1.787254180533011e+17
2021-11-30,2.5,1.831935535046336e+17
2021-12-31,3.8,1.901549085378097e+17
2022-01-31,3.9,1.9757094997078426e+17
2022-02-28,4.7,2.068567846194111e+17
2022-03-31,6.7,2.2071618918891165e+17
2022-04-30,6.0,2.3395916054024637e+17
2022-05-31,5.1,2.458910777277989e+17
2022-06-30,5.3,2.5892330484737222e+17
2022-07-31,7.4,2.780836294060778e+17
2022-08-31,7.0,2.9754948346450323e+17
2022-09-30,6.2,3.1599755143930246e+17
2022-10-31,6.3,3.359053971799785e+17
2022-11-30,4.9,3.5236476164179744e+17
2022-12-31,5.1,3.703353644855291e+17
2023-01-31,6.0,3.9255548635466086e+17
2023-02-28,6.6,4.184641484540685e+17
2023-03-31,7.7,4.5068588788503174e+17
2023-04-30,8.4,4.8854350246737446e+17
2023-05-31,7.8,5.266498956598297e+17
2023-06-30,6.0,5.582488893994195e+17
2023-07-31,6.3,5.93418569431583e+17
2023-08-31,12.4,6.670024720410994e+17
2023-09-30,12.7,7.51711785990319e+17
2023-10-31,8.3,8.141038642275154e+17
2023-11-30,12.8,9.183091588486374e+17
2023-12-31,25.5,1.1524779943550399e+18
2024-01-31,20.6,1.389888461192178e+18
2024-02-29,13.2,1.5733537380695455e+18
2024-03-31,11.0,1.7464226492571955e+18
2024-04-30,8.8,1.9001078423918287e+18
2024-05-31,4.2,1.9799123717722857e+18
2024-06-30,4.6,2.070988340873811e+18
2024-07-31,4.0,2.1538278745087634e+18
2024-08-31,4.2,2.2442886452381315e+18
2024-09-30,3.5,2.322838747821466e+18
2024-10-31,2.7,2.3855553940126454e+18
2024-11-30,2.4,2.442808723468949e+18
2024-12-31,2.7,2.50876455900261e+18
2025-01-31,2.2,2.563957379300668e+18
2025-02-28,2.4,2.625492356403884e+18
2025-03-31,3.7,2.7226355735908275e+18
2025-04-30,2.8,2.798869369651371e+18
2025-05-31,1.5,2.840852410196141e+18
2025-06-30,1.6,2.886306048759279e+18
2025-07-31,1.9,2.941145863685705e+18
2025-08-31,1.9,2.997027635095733e+18
2025-09-30,2.1,3.0599652154327434e+18
2025-10-31,2.3,3.130344415387696e+18
2025-11-30,2.5,3.2086030257723884e+18
2025-12-31,2.8,3.2984439104940155e+18
2026-01-31,2.9,3.394098783898342e+18
2026-02-28,2.9,3.4925276486313933e+18
2026-03-31,3.4,3.611273588684861e+18
2026-04-30,2.6,3.7051667019906673e+18
2026-05-31,2.1,3.782975202732471e+18
2026-06-30,1.9,3.8548517315843876e+18
2026-07-31,2.1,3.9358036179476593e+18
2026-08-31,1.7,4.0027122794527693e+18
